anytime_method_0,anytime_method_1,anytime_method_10,anytime_method_11,anytime_method_12,anytime_method_13,anytime_method_2,anytime_method_3,anytime_method_4,anytime_method_5,anytime_method_6,anytime_method_7,anytime_method_8,anytime_method_9,anytime_obj_0,anytime_obj_1,anytime_obj_10,anytime_obj_11,anytime_obj_12,anytime_obj_13,anytime_obj_2,anytime_obj_3,anytime_obj_4,anytime_obj_5,anytime_obj_6,anytime_obj_7,anytime_obj_8,anytime_obj_9,anytime_summary,anytime_t_0,anytime_t_1,anytime_t_10,anytime_t_11,anytime_t_12,anytime_t_13,anytime_t_2,anytime_t_3,anytime_t_4,anytime_t_5,anytime_t_6,anytime_t_7,anytime_t_8,anytime_t_9,controller,dataset,family,feasible,gap_pct,hyb_int,hyb_total,improve,k,m,mip_obj,mip_time,n,polish_obj,polish_time,relax_obj,relax_time,round_main,round_obj,round_rr,seed,trial
mip_gurobi_incumbent,mip_gurobi_incumbent,relaxation,randomized_rounding,local_improvement,polish,mip_gurobi_incumbent,mip_gurobi_incumbent,mip_gurobi_incumbent,mip_gurobi_incumbent,mip_gurobi_incumbent,mip_gurobi_incumbent,mip_gurobi_incumbent,mip_gurobi_incumbent,398.0,372.0,nan,535.0,336.0,213.0,364.0,282.0,251.0,229.0,215.0,214.0,213.0,212.0,mip_gurobi_incumbent:398@0.019s|mip_gurobi_incumbent:372@0.466s|mip_gurobi_incumbent:364@0.469s|mip_gurobi_incumbent:282@0.733s|mip_gurobi_incumbent:251@0.734s|mip_gurobi_incumbent:229@0.736s|mip_gurobi_incumbent:215@0.737s|mip_gurobi_incumbent:214@0.740s|mip_gurobi_incumbent:213@0.767s|mip_gurobi_incumbent:212@0.919s|randomized_rounding:535@0.023s|local_improvement:336@0.025s|polish:213@0.978s,0.018535852432250977,0.46613502502441406,0.010890007019042969,0.022551906993612647,0.02545850694878027,0.9779688638518564,0.4685666561126709,0.7332696914672852,0.7344427108764648,0.7355232238769531,0.7373092174530029,0.7398607730865479,0.7673077583312988,0.919257402420044,both,rail582,RAIL582,1,0.4716981132075472,213.0,3.0772128999815322,0.0029065999551676214,1,55515,212.0,1.4409234523773193,582,213.0,0.9525103569030762,427.046002956652,0.010890007019042969,0.0,535.0,0.011661899974569678,4221,0
mip_gurobi_incumbent,mip_gurobi_incumbent,relaxation,main_rounding,local_improvement,polish,mip_gurobi_incumbent,mip_gurobi_incumbent,mip_gurobi_incumbent,mip_gurobi_incumbent,mip_gurobi_incumbent,mip_gurobi_incumbent,mip_gurobi_incumbent,mip_gurobi_incumbent,398.0,372.0,nan,363.0,332.0,226.0,364.0,282.0,251.0,229.0,215.0,214.0,213.0,212.0,mip_gurobi_incumbent:398@0.018s|mip_gurobi_incumbent:372@0.476s|mip_gurobi_incumbent:364@0.480s|mip_gurobi_incumbent:282@0.742s|mip_gurobi_incumbent:251@0.744s|mip_gurobi_incumbent:229@0.745s|mip_gurobi_incumbent:215@0.746s|mip_gurobi_incumbent:214@0.748s|mip_gurobi_incumbent:213@0.777s|mip_gurobi_incumbent:212@0.928s|main_rounding:363@33.945s|local_improvement:332@33.947s|polish:226@34.882s,0.0178525447845459,0.47594332695007324,0.010858535766601562,33.94493583578151,33.94731943577062,34.88228409260046,0.4795045852661133,0.7416031360626221,0.7435505390167236,0.7446680068969727,0.7461802959442139,0.7477495670318604,0.7769160270690918,0.9277169704437256,both,rail582,RAIL582,1,6.60377358490566,226.0,36.6854958999902,0.002383599989116192,1,55515,212.0,1.1535451412200928,582,226.0,0.934964656829834,427.046002956652,0.010858535766601562,33.927186399989296,363.0,0.006890900025609881,4222,1
mip_gurobi_incumbent,mip_gurobi_incumbent,relaxation,randomized_rounding,local_improvement,polish,mip_gurobi_incumbent,mip_gurobi_incumbent,mip_gurobi_incumbent,mip_gurobi_incumbent,mip_gurobi_incumbent,mip_gurobi_incumbent,mip_gurobi_incumbent,mip_gurobi_incumbent,398.0,372.0,nan,507.0,339.0,213.0,364.0,282.0,251.0,229.0,215.0,214.0,213.0,212.0,mip_gurobi_incumbent:398@0.023s|mip_gurobi_incumbent:372@0.562s|mip_gurobi_incumbent:364@0.564s|mip_gurobi_incumbent:282@0.857s|mip_gurobi_incumbent:251@0.858s|mip_gurobi_incumbent:229@0.860s|mip_gurobi_incumbent:215@0.861s|mip_gurobi_incumbent:214@0.863s|mip_gurobi_incumbent:213@0.893s|mip_gurobi_incumbent:212@1.063s|randomized_rounding:507@0.027s|local_improvement:339@0.031s|polish:213@1.039s,0.023029565811157227,0.5615992546081543,0.014769315719604492,0.027331115677952766,0.03075191570678726,1.0392193515435793,0.5641241073608398,0.857123851776123,0.8583765029907227,0.8595621585845947,0.8611917495727539,0.8628649711608887,0.8925662040710449,1.0631327629089355,both,rail582,RAIL582,1,0.4716981132075472,213.0,3.228865200013388,0.003420800028834492,1,55515,212.0,1.298621654510498,582,213.0,1.008467435836792,427.046002956652,0.014769315719604492,0.0,507.0,0.012561799958348274,4223,2
mip_gurobi_incumbent,mip_gurobi_incumbent,relaxation,randomized_rounding,local_improvement,polish,mip_gurobi_incumbent,mip_gurobi_incumbent,mip_gurobi_incumbent,mip_gurobi_incumbent,mip_gurobi_incumbent,mip_gurobi_incumbent,mip_gurobi_incumbent,mip_gurobi_incumbent,398.0,372.0,nan,505.0,325.0,236.0,364.0,282.0,251.0,229.0,215.0,214.0,213.0,212.0,mip_gurobi_incumbent:398@0.049s|mip_gurobi_incumbent:372@1.426s|mip_gurobi_incumbent:364@1.434s|mip_gurobi_incumbent:282@2.160s|mip_gurobi_incumbent:251@2.165s|mip_gurobi_incumbent:229@2.170s|mip_gurobi_incumbent:215@2.177s|mip_gurobi_incumbent:214@2.183s|mip_gurobi_incumbent:213@2.276s|mip_gurobi_incumbent:212@2.737s|randomized_rounding:505@0.072s|local_improvement:325@0.085s|polish:236@1.449s,0.04899120330810547,1.4256904125213623,0.04176473617553711,0.07217453618068248,0.08531353616854176,1.4494271054281853,1.434356927871704,2.160085439682007,2.1654253005981445,2.1704318523406982,2.1766457557678223,2.1830904483795166,2.276480197906494,2.7372875213623047,both,rail582,RAIL582,1,11.320754716981131,236.0,8.539264800027013,0.013138999987859279,1,55515,212.0,3.3886847496032715,582,236.0,1.3641135692596436,427.046002956652,0.04176473617553711,0.0,505.0,0.03040980000514537,4224,3
mip_gurobi_incumbent,mip_gurobi_incumbent,relaxation,randomized_rounding,local_improvement,polish,mip_gurobi_incumbent,mip_gurobi_incumbent,mip_gurobi_incumbent,mip_gurobi_incumbent,mip_gurobi_incumbent,mip_gurobi_incumbent,mip_gurobi_incumbent,mip_gurobi_incumbent,398.0,372.0,nan,524.0,332.0,236.0,364.0,282.0,251.0,229.0,215.0,214.0,213.0,212.0,mip_gurobi_incumbent:398@0.052s|mip_gurobi_incumbent:372@1.295s|mip_gurobi_incumbent:364@1.304s|mip_gurobi_incumbent:282@2.033s|mip_gurobi_incumbent:251@2.038s|mip_gurobi_incumbent:229@2.042s|mip_gurobi_incumbent:215@2.047s|mip_gurobi_incumbent:214@2.052s|mip_gurobi_incumbent:213@2.141s|mip_gurobi_incumbent:212@2.545s|randomized_rounding:524@0.074s|local_improvement:332@0.092s|polish:236@1.385s,0.051726579666137695,1.2949888706207275,0.04125809669494629,0.07424039667239413,0.09179679665248841,1.3854579142061993,1.3038315773010254,2.0334675312042236,2.0376439094543457,2.041586399078369,2.0467073917388916,2.0517165660858154,2.1412618160247803,2.5451700687408447,both,rail582,RAIL582,1,11.320754716981131,236.0,8.083563199965283,0.017556399980094284,1,55515,212.0,3.1595492362976074,582,236.0,1.293661117553711,427.046002956652,0.04125809669494629,0.0,524.0,0.03298229997744784,4225,4
mip_gurobi_incumbent,mip_gurobi_incumbent,relaxation,randomized_rounding,local_improvement,,mip_gurobi_incumbent,mip_gurobi_incumbent,mip_gurobi_incumbent,mip_gurobi_incumbent,mip_gurobi_incumbent,mip_gurobi_incumbent,mip_gurobi_incumbent,mip_gurobi_incumbent,398.0,372.0,nan,500.0,325.0,,364.0,282.0,251.0,229.0,215.0,214.0,213.0,212.0,mip_gurobi_incumbent:398@0.048s|mip_gurobi_incumbent:372@1.274s|mip_gurobi_incumbent:364@1.282s|mip_gurobi_incumbent:282@1.956s|mip_gurobi_incumbent:251@1.959s|mip_gurobi_incumbent:229@1.963s|mip_gurobi_incumbent:215@1.968s|mip_gurobi_incumbent:214@1.973s|mip_gurobi_incumbent:213@2.046s|mip_gurobi_incumbent:212@2.405s|randomized_rounding:500@0.102s|local_improvement:325@0.121s,0.04777979850769043,1.2736523151397705,0.06253671646118164,0.10200871643610299,0.12149181647691876,,1.281721591949463,1.9559862613677979,1.9592773914337158,1.9631500244140625,1.9681899547576904,1.9725568294525146,2.0455946922302246,2.405250310897827,both,rail582,RAIL582,1,53.301886792452834,325.0,7.888770300021861,0.01948310004081577,1,55515,212.0,3.058744192123413,582,325.0,0.9600098133087158,427.046002956652,0.06253671646118164,0.0,500.0,0.039471999974921346,4226,5
mip_gurobi_incumbent,mip_gurobi_incumbent,relaxation,randomized_rounding,local_improvement,,mip_gurobi_incumbent,mip_gurobi_incumbent,mip_gurobi_incumbent,mip_gurobi_incumbent,mip_gurobi_incumbent,mip_gurobi_incumbent,mip_gurobi_incumbent,mip_gurobi_incumbent,398.0,372.0,nan,516.0,335.0,,364.0,282.0,251.0,229.0,215.0,214.0,213.0,212.0,mip_gurobi_incumbent:398@0.055s|mip_gurobi_incumbent:372@1.462s|mip_gurobi_incumbent:364@1.470s|mip_gurobi_incumbent:282@2.214s|mip_gurobi_incumbent:251@2.219s|mip_gurobi_incumbent:229@2.221s|mip_gurobi_incumbent:215@2.226s|mip_gurobi_incumbent:214@2.231s|mip_gurobi_incumbent:213@2.319s|mip_gurobi_incumbent:212@2.741s|randomized_rounding:516@0.071s|local_improvement:335@0.087s,0.05473947525024414,1.4615511894226074,0.04210805892944336,0.07133285893360153,0.08748145890422165,,1.4699501991271973,2.214303493499756,2.218594551086426,2.221407651901245,2.226195812225342,2.2308433055877686,2.3194899559020996,2.7414755821228027,both,rail582,RAIL582,1,58.0188679245283,335.0,8.270991199999116,0.016148599970620126,1,55515,212.0,3.4024457931518555,582,335.0,0.8771376609802246,427.046002956652,0.04210805892944336,0.0,516.0,0.02922480000415817,4227,6
mip_gurobi_incumbent,mip_gurobi_incumbent,relaxation,randomized_rounding,local_improvement,,mip_gurobi_incumbent,mip_gurobi_incumbent,mip_gurobi_incumbent,mip_gurobi_incumbent,mip_gurobi_incumbent,mip_gurobi_incumbent,mip_gurobi_incumbent,mip_gurobi_incumbent,398.0,372.0,nan,534.0,350.0,,364.0,282.0,251.0,229.0,215.0,214.0,213.0,212.0,mip_gurobi_incumbent:398@0.055s|mip_gurobi_incumbent:372@1.237s|mip_gurobi_incumbent:364@1.243s|mip_gurobi_incumbent:282@1.931s|mip_gurobi_incumbent:251@1.936s|mip_gurobi_incumbent:229@1.939s|mip_gurobi_incumbent:215@1.945s|mip_gurobi_incumbent:214@1.950s|mip_gurobi_incumbent:213@2.032s|mip_gurobi_incumbent:212@2.460s|randomized_rounding:534@0.078s|local_improvement:350@0.094s,0.05490899085998535,1.2368416786193848,0.047365427017211914,0.07778552698437124,0.09422082698438317,,1.2433698177337646,1.9313302040100098,1.9356656074523926,1.938706398010254,1.9445006847381592,1.9498474597930908,2.032437562942505,2.4596316814422607,both,rail582,RAIL582,1,65.09433962264151,350.0,7.475003999948967,0.01643530000001192,1,55515,212.0,3.0523037910461426,582,350.0,0.9188730716705322,427.046002956652,0.047365427017211914,0.0,534.0,0.03042009996715933,4228,7
mip_gurobi_incumbent,mip_gurobi_incumbent,relaxation,randomized_rounding,local_improvement,,mip_gurobi_incumbent,mip_gurobi_incumbent,mip_gurobi_incumbent,mip_gurobi_incumbent,mip_gurobi_incumbent,mip_gurobi_incumbent,mip_gurobi_incumbent,mip_gurobi_incumbent,398.0,372.0,nan,493.0,335.0,,364.0,282.0,251.0,229.0,215.0,214.0,213.0,212.0,mip_gurobi_incumbent:398@0.051s|mip_gurobi_incumbent:372@1.308s|mip_gurobi_incumbent:364@1.315s|mip_gurobi_incumbent:282@2.208s|mip_gurobi_incumbent:251@2.212s|mip_gurobi_incumbent:229@2.216s|mip_gurobi_incumbent:215@2.222s|mip_gurobi_incumbent:214@2.228s|mip_gurobi_incumbent:213@2.322s|mip_gurobi_incumbent:212@2.766s|randomized_rounding:493@0.076s|local_improvement:335@0.090s,0.050977468490600586,1.3079419136047363,0.03751730918884277,0.0757868091459386,0.09009390918072313,,1.3152496814727783,2.207557201385498,2.2124273777008057,2.2163548469543457,2.2215888500213623,2.2281110286712646,2.3222930431365967,2.766003131866455,both,rail582,RAIL582,1,58.0188679245283,335.0,7.914178700011689,0.014307100034784526,1,55515,212.0,3.380619525909424,582,335.0,0.9301073551177979,427.046002956652,0.03751730918884277,0.0,493.0,0.03826949995709583,4229,8
mip_gurobi_incumbent,mip_gurobi_incumbent,relaxation,randomized_rounding,local_improvement,,mip_gurobi_incumbent,mip_gurobi_incumbent,mip_gurobi_incumbent,mip_gurobi_incumbent,mip_gurobi_incumbent,mip_gurobi_incumbent,mip_gurobi_incumbent,mip_gurobi_incumbent,398.0,372.0,nan,508.0,341.0,,364.0,282.0,251.0,229.0,215.0,214.0,213.0,212.0,mip_gurobi_incumbent:398@0.050s|mip_gurobi_incumbent:372@1.502s|mip_gurobi_incumbent:364@1.510s|mip_gurobi_incumbent:282@2.219s|mip_gurobi_incumbent:251@2.223s|mip_gurobi_incumbent:229@2.227s|mip_gurobi_incumbent:215@2.231s|mip_gurobi_incumbent:214@2.236s|mip_gurobi_incumbent:213@2.312s|mip_gurobi_incumbent:212@2.701s|randomized_rounding:508@0.072s|local_improvement:341@0.086s,0.049521684646606445,1.5022902488708496,0.039467811584472656,0.07236861158162355,0.08635861158836633,,1.509995698928833,2.2194736003875732,2.223198652267456,2.2265799045562744,2.2313737869262695,2.2362358570098877,2.31205677986145,2.7013397216796875,both,rail582,RAIL582,1,60.84905660377358,341.0,7.8641231000074185,0.013990000006742775,1,55515,212.0,3.325687885284424,582,341.0,0.9553539752960205,427.046002956652,0.039467811584472656,0.0,508.0,0.0329007999971509,4230,9
mip_gurobi_incumbent,mip_gurobi_incumbent,relaxation,randomized_rounding,local_improvement,,mip_gurobi_incumbent,mip_gurobi_incumbent,mip_gurobi_incumbent,mip_gurobi_incumbent,mip_gurobi_incumbent,mip_gurobi_incumbent,mip_gurobi_incumbent,mip_gurobi_incumbent,398.0,372.0,nan,501.0,334.0,,364.0,282.0,251.0,229.0,215.0,214.0,213.0,212.0,mip_gurobi_incumbent:398@0.057s|mip_gurobi_incumbent:372@1.362s|mip_gurobi_incumbent:364@1.369s|mip_gurobi_incumbent:282@2.037s|mip_gurobi_incumbent:251@2.041s|mip_gurobi_incumbent:229@2.045s|mip_gurobi_incumbent:215@2.049s|mip_gurobi_incumbent:214@2.055s|mip_gurobi_incumbent:213@2.134s|mip_gurobi_incumbent:212@2.529s|randomized_rounding:501@0.072s|local_improvement:334@0.088s,0.056650400161743164,1.3619582653045654,0.0374445915222168,0.07208649150561541,0.08820239151827991,,1.3693516254425049,2.0367014408111572,2.0408706665039062,2.04459547996521,2.0489113330841064,2.0546789169311523,2.1336495876312256,2.528646945953369,both,rail582,RAIL582,1,57.54716981132076,334.0,7.7606418000068516,0.016115900012664497,1,55515,212.0,3.1969804763793945,582,334.0,0.8578944206237793,427.046002956652,0.0374445915222168,0.0,501.0,0.034641899983398616,4231,10
mip_gurobi_incumbent,mip_gurobi_incumbent,relaxation,randomized_rounding,local_improvement,,mip_gurobi_incumbent,mip_gurobi_incumbent,mip_gurobi_incumbent,mip_gurobi_incumbent,mip_gurobi_incumbent,mip_gurobi_incumbent,mip_gurobi_incumbent,mip_gurobi_incumbent,398.0,372.0,nan,495.0,330.0,,364.0,282.0,251.0,229.0,215.0,214.0,213.0,212.0,mip_gurobi_incumbent:398@0.053s|mip_gurobi_incumbent:372@1.331s|mip_gurobi_incumbent:364@1.341s|mip_gurobi_incumbent:282@2.033s|mip_gurobi_incumbent:251@2.037s|mip_gurobi_incumbent:229@2.040s|mip_gurobi_incumbent:215@2.045s|mip_gurobi_incumbent:214@2.049s|mip_gurobi_incumbent:213@2.121s|mip_gurobi_incumbent:212@2.491s|randomized_rounding:495@0.078s|local_improvement:330@0.093s,0.052757978439331055,1.3310997486114502,0.046736955642700195,0.07833045563893393,0.09268525562947616,,1.3405914306640625,2.0334181785583496,2.0367136001586914,2.0401954650878906,2.044614553451538,2.049013614654541,2.120971918106079,2.491299629211426,both,rail582,RAIL582,1,55.660377358490564,330.0,7.659883700020146,0.014354799990542233,1,55515,212.0,3.129671573638916,582,330.0,0.9642791748046875,427.046002956652,0.046736955642700195,0.0,495.0,0.03159349999623373,4232,11
mip_gurobi_incumbent,mip_gurobi_incumbent,relaxation,randomized_rounding,local_improvement,polish,mip_gurobi_incumbent,mip_gurobi_incumbent,mip_gurobi_incumbent,mip_gurobi_incumbent,mip_gurobi_incumbent,mip_gurobi_incumbent,mip_gurobi_incumbent,mip_gurobi_incumbent,398.0,372.0,nan,498.0,341.0,245.0,364.0,282.0,251.0,229.0,215.0,214.0,213.0,212.0,mip_gurobi_incumbent:398@0.062s|mip_gurobi_incumbent:372@1.403s|mip_gurobi_incumbent:364@1.410s|mip_gurobi_incumbent:282@2.062s|mip_gurobi_incumbent:251@2.066s|mip_gurobi_incumbent:229@2.070s|mip_gurobi_incumbent:215@2.075s|mip_gurobi_incumbent:214@2.079s|mip_gurobi_incumbent:213@2.157s|mip_gurobi_incumbent:212@2.555s|randomized_rounding:498@0.043s|local_improvement:341@0.050s|polish:245@1.404s,0.06152462959289551,1.402702808380127,0.023120880126953125,0.04267248016549274,0.050419680192135274,1.4044452825328335,1.4104716777801514,2.0621488094329834,2.0659737586975098,2.069822311401367,2.0745689868927,2.079442262649536,2.156703472137451,2.55521297454834,both,rail582,RAIL582,1,15.566037735849056,245.0,8.17905909998808,0.007747200026642531,1,55515,212.0,3.3215789794921875,582,245.0,1.3540256023406982,427.046002956652,0.023120880126953125,0.0,498.0,0.019551600038539618,4233,12
mip_gurobi_incumbent,mip_gurobi_incumbent,relaxation,randomized_rounding,local_improvement,polish,mip_gurobi_incumbent,mip_gurobi_incumbent,mip_gurobi_incumbent,mip_gurobi_incumbent,mip_gurobi_incumbent,mip_gurobi_incumbent,mip_gurobi_incumbent,mip_gurobi_incumbent,398.0,372.0,nan,521.0,338.0,233.0,364.0,282.0,251.0,229.0,215.0,214.0,213.0,212.0,mip_gurobi_incumbent:398@0.054s|mip_gurobi_incumbent:372@1.398s|mip_gurobi_incumbent:364@1.409s|mip_gurobi_incumbent:282@2.254s|mip_gurobi_incumbent:251@2.258s|mip_gurobi_incumbent:229@2.262s|mip_gurobi_incumbent:215@2.267s|mip_gurobi_incumbent:214@2.273s|mip_gurobi_incumbent:213@2.367s|mip_gurobi_incumbent:212@2.765s|randomized_rounding:521@0.073s|local_improvement:338@0.087s|polish:233@1.279s,0.05381202697753906,1.3981859683990479,0.03961300849914551,0.07310060854069889,0.08712200855370611,1.2793362591182813,1.4089043140411377,2.2538037300109863,2.2577550411224365,2.261749267578125,2.2670605182647705,2.272892951965332,2.3670384883880615,2.764993906021118,both,rail582,RAIL582,1,9.90566037735849,233.0,8.230712799995672,0.014021400013007224,1,55515,212.0,3.423945665359497,582,233.0,1.1922142505645752,427.046002956652,0.03961300849914551,0.0,521.0,0.03348760004155338,4234,13
mip_gurobi_incumbent,mip_gurobi_incumbent,relaxation,randomized_rounding,local_improvement,,mip_gurobi_incumbent,mip_gurobi_incumbent,mip_gurobi_incumbent,mip_gurobi_incumbent,mip_gurobi_incumbent,mip_gurobi_incumbent,mip_gurobi_incumbent,mip_gurobi_incumbent,398.0,372.0,nan,495.0,338.0,,364.0,282.0,251.0,229.0,215.0,214.0,213.0,212.0,mip_gurobi_incumbent:398@0.052s|mip_gurobi_incumbent:372@1.234s|mip_gurobi_incumbent:364@1.241s|mip_gurobi_incumbent:282@1.903s|mip_gurobi_incumbent:251@1.906s|mip_gurobi_incumbent:229@1.910s|mip_gurobi_incumbent:215@1.914s|mip_gurobi_incumbent:214@1.919s|mip_gurobi_incumbent:213@1.990s|mip_gurobi_incumbent:212@2.372s|randomized_rounding:495@0.078s|local_improvement:338@0.092s,0.05176043510437012,1.2335808277130127,0.04271984100341797,0.07759674097178504,0.09188444097526371,,1.2414538860321045,1.9034674167633057,1.9062461853027344,1.9100251197814941,1.9144322872161865,1.919128656387329,1.9900627136230469,2.372069835662842,both,rail582,RAIL582,1,59.43396226415094,338.0,7.90346469997894,0.014287700003478676,1,55515,212.0,3.00551700592041,582,338.0,0.9777727127075195,427.046002956652,0.04271984100341797,0.0,495.0,0.03487689996836707,4235,14
mip_gurobi_incumbent,mip_gurobi_incumbent,relaxation,randomized_rounding,local_improvement,polish,mip_gurobi_incumbent,mip_gurobi_incumbent,mip_gurobi_incumbent,mip_gurobi_incumbent,mip_gurobi_incumbent,mip_gurobi_incumbent,mip_gurobi_incumbent,mip_gurobi_incumbent,398.0,372.0,nan,518.0,334.0,242.0,364.0,282.0,251.0,229.0,215.0,214.0,213.0,212.0,mip_gurobi_incumbent:398@0.054s|mip_gurobi_incumbent:372@1.479s|mip_gurobi_incumbent:364@1.488s|mip_gurobi_incumbent:282@2.208s|mip_gurobi_incumbent:251@2.212s|mip_gurobi_incumbent:229@2.215s|mip_gurobi_incumbent:215@2.221s|mip_gurobi_incumbent:214@2.226s|mip_gurobi_incumbent:213@2.321s|mip_gurobi_incumbent:212@2.765s|randomized_rounding:518@0.066s|local_improvement:334@0.085s|polish:242@1.354s,0.05420207977294922,1.4785277843475342,0.03893709182739258,0.06629139179131016,0.08485359174665064,1.353766145533882,1.487746238708496,2.2079319953918457,2.2118780612945557,2.215211868286133,2.2206037044525146,2.225994348526001,2.320511817932129,2.7652997970581055,both,rail582,RAIL582,1,14.150943396226415,242.0,8.689902899961453,0.018562199955340475,1,55515,212.0,3.479761838912964,582,242.0,1.2689125537872314,427.046002956652,0.03893709182739258,0.0,518.0,0.027354299963917583,4236,15
mip_gurobi_incumbent,mip_gurobi_incumbent,relaxation,randomized_rounding,local_improvement,,mip_gurobi_incumbent,mip_gurobi_incumbent,mip_gurobi_incumbent,mip_gurobi_incumbent,mip_gurobi_incumbent,mip_gurobi_incumbent,mip_gurobi_incumbent,mip_gurobi_incumbent,398.0,372.0,nan,498.0,331.0,,364.0,282.0,251.0,229.0,215.0,214.0,213.0,212.0,mip_gurobi_incumbent:398@0.057s|mip_gurobi_incumbent:372@1.424s|mip_gurobi_incumbent:364@1.431s|mip_gurobi_incumbent:282@2.089s|mip_gurobi_incumbent:251@2.092s|mip_gurobi_incumbent:229@2.094s|mip_gurobi_incumbent:215@2.097s|mip_gurobi_incumbent:214@2.100s|mip_gurobi_incumbent:213@2.154s|mip_gurobi_incumbent:212@2.570s|randomized_rounding:498@0.108s|local_improvement:331@0.129s,0.057059288024902344,1.4243829250335693,0.05872535705566406,0.10752755706198514,0.1292756570619531,,1.4313008785247803,2.089268922805786,2.091780185699463,2.0941319465637207,2.0971567630767822,2.1003260612487793,2.1536147594451904,2.569932222366333,both,rail582,RAIL582,1,56.132075471698116,331.0,8.52129269996658,0.021748099999967963,1,55515,212.0,3.3279201984405518,582,331.0,1.084291696548462,427.046002956652,0.05872535705566406,0.0,498.0,0.04880220000632107,4237,16
mip_gurobi_incumbent,mip_gurobi_incumbent,relaxation,randomized_rounding,local_improvement,,mip_gurobi_incumbent,mip_gurobi_incumbent,mip_gurobi_incumbent,mip_gurobi_incumbent,mip_gurobi_incumbent,mip_gurobi_incumbent,mip_gurobi_incumbent,mip_gurobi_incumbent,398.0,372.0,nan,515.0,338.0,,364.0,282.0,251.0,229.0,215.0,214.0,213.0,212.0,mip_gurobi_incumbent:398@0.072s|mip_gurobi_incumbent:372@1.496s|mip_gurobi_incumbent:364@1.505s|mip_gurobi_incumbent:282@2.264s|mip_gurobi_incumbent:251@2.268s|mip_gurobi_incumbent:229@2.272s|mip_gurobi_incumbent:215@2.277s|mip_gurobi_incumbent:214@2.283s|mip_gurobi_incumbent:213@2.372s|mip_gurobi_incumbent:212@2.776s|randomized_rounding:515@0.072s|local_improvement:338@0.087s,0.07193779945373535,1.4961271286010742,0.04335641860961914,0.07156891864724457,0.0865889186388813,,1.5049877166748047,2.2639682292938232,2.2682111263275146,2.2724530696868896,2.277188539505005,2.2832577228546143,2.3717398643493652,2.776139974594116,both,rail582,RAIL582,1,59.43396226415094,338.0,7.923019200039562,0.015019999991636723,1,55515,212.0,3.4716579914093018,582,338.0,0.8585934638977051,427.046002956652,0.04335641860961914,0.0,515.0,0.028212500037625432,4238,17
mip_gurobi_incumbent,mip_gurobi_incumbent,relaxation,main_rounding,local_improvement,polish,mip_gurobi_incumbent,mip_gurobi_incumbent,mip_gurobi_incumbent,mip_gurobi_incumbent,mip_gurobi_incumbent,mip_gurobi_incumbent,mip_gurobi_incumbent,mip_gurobi_incumbent,398.0,372.0,nan,363.0,332.0,213.0,364.0,282.0,251.0,229.0,215.0,214.0,213.0,212.0,mip_gurobi_incumbent:398@0.055s|mip_gurobi_incumbent:372@1.446s|mip_gurobi_incumbent:364@1.454s|mip_gurobi_incumbent:282@2.197s|mip_gurobi_incumbent:251@2.201s|mip_gurobi_incumbent:229@2.205s|mip_gurobi_incumbent:215@2.211s|mip_gurobi_incumbent:214@2.216s|mip_gurobi_incumbent:213@2.302s|mip_gurobi_incumbent:212@2.727s|main_rounding:363@46.458s|local_improvement:332@46.462s|polish:213@47.503s,0.054791927337646484,1.4464678764343262,0.03992319107055664,46.45784219109919,46.461842091113795,47.50251701596426,1.4539318084716797,2.1971607208251953,2.201019525527954,2.2053258419036865,2.210707664489746,2.2161989212036133,2.301548719406128,2.7268900871276855,both,rail582,RAIL582,1,0.4716981132075472,213.0,54.76870150002651,0.003999900014605373,1,55515,212.0,3.3996760845184326,582,213.0,1.0406749248504639,427.046002956652,0.03992319107055664,46.38352259999374,363.0,0.034396400034893304,4239,18
mip_gurobi_incumbent,mip_gurobi_incumbent,relaxation,randomized_rounding,local_improvement,polish,mip_gurobi_incumbent,mip_gurobi_incumbent,mip_gurobi_incumbent,mip_gurobi_incumbent,mip_gurobi_incumbent,mip_gurobi_incumbent,mip_gurobi_incumbent,mip_gurobi_incumbent,398.0,372.0,nan,505.0,340.0,213.0,364.0,282.0,251.0,229.0,215.0,214.0,213.0,212.0,mip_gurobi_incumbent:398@0.023s|mip_gurobi_incumbent:372@0.560s|mip_gurobi_incumbent:364@0.563s|mip_gurobi_incumbent:282@0.842s|mip_gurobi_incumbent:251@0.843s|mip_gurobi_incumbent:229@0.845s|mip_gurobi_incumbent:215@0.846s|mip_gurobi_incumbent:214@0.848s|mip_gurobi_incumbent:213@0.877s|mip_gurobi_incumbent:212@1.030s|randomized_rounding:505@0.025s|local_improvement:340@0.028s|polish:213@1.014s,0.0225985050201416,0.5601673126220703,0.011916875839233398,0.02451757586095482,0.027847275894600898,1.0144960738834925,0.5628571510314941,0.8419613838195801,0.8432855606079102,0.8445303440093994,0.846215009689331,0.8479790687561035,0.8766524791717529,1.0301079750061035,both,rail582,RAIL582,1,0.4716981132075472,213.0,2.9975326999556273,0.003329700033646077,1,55515,212.0,1.266207218170166,582,213.0,0.9866487979888916,427.046002956652,0.011916875839233398,0.0,505.0,0.012600700021721423,4240,19
mip_gurobi_incumbent,mip_gurobi_incumbent,relaxation,main_rounding,local_improvement,polish,mip_gurobi_incumbent,mip_gurobi_incumbent,mip_gurobi_incumbent,mip_gurobi_incumbent,mip_gurobi_incumbent,mip_gurobi_incumbent,mip_gurobi_incumbent,mip_gurobi_incumbent,398.0,372.0,nan,363.0,332.0,213.0,364.0,282.0,251.0,229.0,215.0,214.0,213.0,212.0,mip_gurobi_incumbent:398@0.020s|mip_gurobi_incumbent:372@0.517s|mip_gurobi_incumbent:364@0.520s|mip_gurobi_incumbent:282@0.847s|mip_gurobi_incumbent:251@0.849s|mip_gurobi_incumbent:229@0.850s|mip_gurobi_incumbent:215@0.852s|mip_gurobi_incumbent:214@0.854s|mip_gurobi_incumbent:213@0.891s|mip_gurobi_incumbent:212@1.095s|main_rounding:363@37.864s|local_improvement:332@37.868s|polish:213@38.838s,0.02045583724975586,0.516664981842041,0.015559196472167969,37.86403459642315,37.867548396403436,38.83757107477868,0.5197386741638184,0.8473000526428223,0.848839521408081,0.8502795696258545,0.8523132801055908,0.8544983863830566,0.8906457424163818,1.0951385498046875,both,rail582,RAIL582,1,0.4716981132075472,213.0,41.010924399946816,0.0035137999802827835,1,55515,212.0,1.301217794418335,582,213.0,0.9700226783752441,427.046002956652,0.015559196472167969,37.83465019997675,363.0,0.013825199974235147,4241,20
mip_gurobi_incumbent,mip_gurobi_incumbent,relaxation,randomized_rounding,local_improvement,polish,mip_gurobi_incumbent,mip_gurobi_incumbent,mip_gurobi_incumbent,mip_gurobi_incumbent,mip_gurobi_incumbent,mip_gurobi_incumbent,mip_gurobi_incumbent,mip_gurobi_incumbent,398.0,372.0,nan,520.0,336.0,213.0,364.0,282.0,251.0,229.0,215.0,214.0,213.0,212.0,mip_gurobi_incumbent:398@0.024s|mip_gurobi_incumbent:372@0.640s|mip_gurobi_incumbent:364@0.643s|mip_gurobi_incumbent:282@0.971s|mip_gurobi_incumbent:251@0.972s|mip_gurobi_incumbent:229@0.974s|mip_gurobi_incumbent:215@0.975s|mip_gurobi_incumbent:214@0.978s|mip_gurobi_incumbent:213@1.010s|mip_gurobi_incumbent:212@1.176s|randomized_rounding:520@0.025s|local_improvement:336@0.028s|polish:213@1.006s,0.024297714233398438,0.6401162147521973,0.013933897018432617,0.02521869703195989,0.02845019701635465,1.0060736596933566,0.6432600021362305,0.9707620143890381,0.9722199440002441,0.9735887050628662,0.9754393100738525,0.9776630401611328,1.0096158981323242,1.1759705543518066,both,rail582,RAIL582,1,0.4716981132075472,213.0,3.173266199999489,0.003231499984394759,1,55515,212.0,1.4182531833648682,582,213.0,0.977623462677002,427.046002956652,0.013933897018432617,0.0,520.0,0.011284800013527274,4242,21
mip_gurobi_incumbent,mip_gurobi_incumbent,relaxation,randomized_rounding,local_improvement,polish,mip_gurobi_incumbent,mip_gurobi_incumbent,mip_gurobi_incumbent,mip_gurobi_incumbent,mip_gurobi_incumbent,mip_gurobi_incumbent,mip_gurobi_incumbent,mip_gurobi_incumbent,398.0,372.0,nan,513.0,347.0,213.0,364.0,282.0,251.0,229.0,215.0,214.0,213.0,212.0,mip_gurobi_incumbent:398@0.023s|mip_gurobi_incumbent:372@0.562s|mip_gurobi_incumbent:364@0.565s|mip_gurobi_incumbent:282@0.858s|mip_gurobi_incumbent:251@0.859s|mip_gurobi_incumbent:229@0.861s|mip_gurobi_incumbent:215@0.863s|mip_gurobi_incumbent:214@0.865s|mip_gurobi_incumbent:213@0.897s|mip_gurobi_incumbent:212@1.066s|randomized_rounding:513@0.024s|local_improvement:347@0.030s|polish:213@1.062s,0.022976160049438477,0.5617387294769287,0.013023853302001953,0.023831753351259977,0.030339353368617594,1.0619603326776996,0.5647823810577393,0.8575341701507568,0.8591065406799316,0.860802173614502,0.8630552291870117,0.865013837814331,0.8973476886749268,1.0658631324768066,both,rail582,RAIL582,1,0.4716981132075472,213.0,3.1720251999795437,0.006507600017357618,1,55515,212.0,1.2977240085601807,582,213.0,1.031620979309082,427.046002956652,0.013023853302001953,0.0,513.0,0.010807900049258024,4243,22
mip_gurobi_incumbent,mip_gurobi_incumbent,relaxation,randomized_rounding,local_improvement,polish,mip_gurobi_incumbent,mip_gurobi_incumbent,mip_gurobi_incumbent,mip_gurobi_incumbent,mip_gurobi_incumbent,mip_gurobi_incumbent,mip_gurobi_incumbent,mip_gurobi_incumbent,398.0,372.0,nan,519.0,342.0,213.0,364.0,282.0,251.0,229.0,215.0,214.0,213.0,212.0,mip_gurobi_incumbent:398@0.022s|mip_gurobi_incumbent:372@0.545s|mip_gurobi_incumbent:364@0.548s|mip_gurobi_incumbent:282@0.877s|mip_gurobi_incumbent:251@0.880s|mip_gurobi_incumbent:229@0.881s|mip_gurobi_incumbent:215@0.884s|mip_gurobi_incumbent:214@0.886s|mip_gurobi_incumbent:213@0.933s|mip_gurobi_incumbent:212@1.170s|randomized_rounding:519@0.031s|local_improvement:342@0.035s|polish:213@1.055s,0.021958112716674805,0.5450541973114014,0.015554666519165039,0.030714666470885277,0.0350063664955087,1.0546289308113046,0.5482780933380127,0.8773794174194336,0.8795316219329834,0.8814821243286133,0.8840188980102539,0.88631272315979,0.9329030513763428,1.169844150543213,both,rail582,RAIL582,1,0.4716981132075472,213.0,3.2724748000036925,0.004291700024623424,1,55515,212.0,1.399057149887085,582,213.0,1.019622564315796,427.046002956652,0.015554666519165039,0.0,519.0,0.015159999951720238,4244,23
mip_gurobi_incumbent,mip_gurobi_incumbent,relaxation,randomized_rounding,local_improvement,polish,mip_gurobi_incumbent,mip_gurobi_incumbent,mip_gurobi_incumbent,mip_gurobi_incumbent,mip_gurobi_incumbent,mip_gurobi_incumbent,mip_gurobi_incumbent,mip_gurobi_incumbent,398.0,372.0,nan,542.0,327.0,239.0,364.0,282.0,251.0,229.0,215.0,214.0,213.0,212.0,mip_gurobi_incumbent:398@0.024s|mip_gurobi_incumbent:372@0.631s|mip_gurobi_incumbent:364@0.634s|mip_gurobi_incumbent:282@0.998s|mip_gurobi_incumbent:251@0.999s|mip_gurobi_incumbent:229@1.001s|mip_gurobi_incumbent:215@1.003s|mip_gurobi_incumbent:214@1.006s|mip_gurobi_incumbent:213@1.043s|mip_gurobi_incumbent:212@1.236s|randomized_rounding:542@0.022s|local_improvement:327@0.027s|polish:239@0.906s,0.02412247657775879,0.6310477256774902,0.013309955596923828,0.022425555624067783,0.027354555611964315,0.9057720475248061,0.6343951225280762,0.9977278709411621,0.999443531036377,1.0010986328125,1.003248691558838,1.005518913269043,1.0432302951812744,1.2359023094177246,both,rail582,RAIL582,1,12.735849056603774,239.0,3.2103494000039063,0.004928999987896532,1,55515,212.0,1.5221295356750488,582,239.0,0.8784174919128418,427.046002956652,0.013309955596923828,0.0,542.0,0.009115600027143955,4245,24
mip_gurobi_incumbent,mip_gurobi_incumbent,relaxation,randomized_rounding,local_improvement,polish,mip_gurobi_incumbent,mip_gurobi_incumbent,mip_gurobi_incumbent,mip_gurobi_incumbent,mip_gurobi_incumbent,mip_gurobi_incumbent,mip_gurobi_incumbent,mip_gurobi_incumbent,398.0,372.0,nan,542.0,333.0,213.0,364.0,282.0,251.0,229.0,215.0,214.0,213.0,212.0,mip_gurobi_incumbent:398@0.023s|mip_gurobi_incumbent:372@0.555s|mip_gurobi_incumbent:364@0.558s|mip_gurobi_incumbent:282@0.880s|mip_gurobi_incumbent:251@0.881s|mip_gurobi_incumbent:229@0.883s|mip_gurobi_incumbent:215@0.884s|mip_gurobi_incumbent:214@0.886s|mip_gurobi_incumbent:213@0.918s|mip_gurobi_incumbent:212@1.087s|randomized_rounding:542@0.025s|local_improvement:333@0.031s|polish:213@1.023s,0.023328065872192383,0.5545368194580078,0.012627363204956055,0.02516566321719438,0.03067836322588846,1.0229011491755955,0.5579493045806885,0.8799121379852295,0.8813803195953369,0.8827133178710938,0.8844783306121826,0.8862466812133789,0.9176256656646729,1.0874371528625488,both,rail582,RAIL582,1,0.4716981132075472,213.0,3.099387700029183,0.0055127000086940825,1,55515,212.0,1.317103624343872,582,213.0,0.992222785949707,427.046002956652,0.012627363204956055,0.0,542.0,0.012538300012238324,4246,25
mip_gurobi_incumbent,mip_gurobi_incumbent,relaxation,randomized_rounding,local_improvement,polish,mip_gurobi_incumbent,mip_gurobi_incumbent,mip_gurobi_incumbent,mip_gurobi_incumbent,mip_gurobi_incumbent,mip_gurobi_incumbent,mip_gurobi_incumbent,mip_gurobi_incumbent,398.0,372.0,nan,513.0,337.0,213.0,364.0,282.0,251.0,229.0,215.0,214.0,213.0,212.0,mip_gurobi_incumbent:398@0.020s|mip_gurobi_incumbent:372@0.503s|mip_gurobi_incumbent:364@0.505s|mip_gurobi_incumbent:282@0.795s|mip_gurobi_incumbent:251@0.796s|mip_gurobi_incumbent:229@0.797s|mip_gurobi_incumbent:215@0.799s|mip_gurobi_incumbent:214@0.801s|mip_gurobi_incumbent:213@0.832s|mip_gurobi_incumbent:212@0.998s|randomized_rounding:513@0.025s|local_improvement:337@0.028s|polish:213@1.039s,0.020406007766723633,0.5026049613952637,0.016611576080322266,0.024599076074082404,0.028088376042433083,1.039428755757399,0.5051262378692627,0.7947454452514648,0.7961244583129883,0.797393798828125,0.7991230487823486,0.8009252548217773,0.8320515155792236,0.9976062774658203,both,rail582,RAIL582,1,0.4716981132075472,213.0,3.0217833999777213,0.0034892999683506787,1,55515,212.0,1.2073798179626465,582,213.0,1.0113403797149658,427.046002956652,0.016611576080322266,0.0,513.0,0.007987499993760139,4247,26
mip_gurobi_incumbent,mip_gurobi_incumbent,relaxation,randomized_rounding,local_improvement,polish,mip_gurobi_incumbent,mip_gurobi_incumbent,mip_gurobi_incumbent,mip_gurobi_incumbent,mip_gurobi_incumbent,mip_gurobi_incumbent,mip_gurobi_incumbent,mip_gurobi_incumbent,398.0,372.0,nan,512.0,334.0,213.0,364.0,282.0,251.0,229.0,215.0,214.0,213.0,212.0,mip_gurobi_incumbent:398@0.018s|mip_gurobi_incumbent:372@0.487s|mip_gurobi_incumbent:364@0.490s|mip_gurobi_incumbent:282@0.777s|mip_gurobi_incumbent:251@0.778s|mip_gurobi_incumbent:229@0.780s|mip_gurobi_incumbent:215@0.782s|mip_gurobi_incumbent:214@0.784s|mip_gurobi_incumbent:213@0.820s|mip_gurobi_incumbent:212@0.997s|randomized_rounding:512@0.021s|local_improvement:334@0.024s|polish:213@0.953s,0.018123626708984375,0.4869539737701416,0.012700319290161133,0.020764619286637753,0.023951419279910624,0.9532567342976108,0.48966217041015625,0.776900053024292,0.7784368991851807,0.7798933982849121,0.7818357944488525,0.7838432788848877,0.8195500373840332,0.9969403743743896,both,rail582,RAIL582,1,0.4716981132075472,213.0,2.8549438000191003,0.0031867999932728708,1,55515,212.0,1.1989119052886963,582,213.0,0.9293053150177002,427.046002956652,0.012700319290161133,0.0,512.0,0.00806429999647662,4248,27
mip_gurobi_incumbent,mip_gurobi_incumbent,relaxation,randomized_rounding,local_improvement,polish,mip_gurobi_incumbent,mip_gurobi_incumbent,mip_gurobi_incumbent,mip_gurobi_incumbent,mip_gurobi_incumbent,mip_gurobi_incumbent,mip_gurobi_incumbent,mip_gurobi_incumbent,398.0,372.0,nan,505.0,341.0,213.0,364.0,282.0,251.0,229.0,215.0,214.0,213.0,212.0,mip_gurobi_incumbent:398@0.021s|mip_gurobi_incumbent:372@0.518s|mip_gurobi_incumbent:364@0.521s|mip_gurobi_incumbent:282@0.800s|mip_gurobi_incumbent:251@0.801s|mip_gurobi_incumbent:229@0.803s|mip_gurobi_incumbent:215@0.804s|mip_gurobi_incumbent:214@0.806s|mip_gurobi_incumbent:213@0.836s|mip_gurobi_incumbent:212@0.995s|randomized_rounding:505@0.022s|local_improvement:341@0.025s|polish:213@0.985s,0.020659208297729492,0.5184295177459717,0.012492656707763672,0.02175565669313073,0.024988456687424332,0.9851086577982642,0.5209121704101562,0.7999186515808105,0.8013067245483398,0.8025555610656738,0.8042008876800537,0.8061408996582031,0.8360364437103271,0.9950282573699951,both,rail582,RAIL582,1,0.4716981132075472,213.0,2.895634600019548,0.0032327999942936003,1,55515,212.0,1.2105276584625244,582,213.0,0.9601202011108398,427.046002956652,0.012492656707763672,0.0,505.0,0.00926299998536706,4249,28
mip_gurobi_incumbent,mip_gurobi_incumbent,relaxation,randomized_rounding,local_improvement,polish,mip_gurobi_incumbent,mip_gurobi_incumbent,mip_gurobi_incumbent,mip_gurobi_incumbent,mip_gurobi_incumbent,mip_gurobi_incumbent,mip_gurobi_incumbent,mip_gurobi_incumbent,398.0,372.0,nan,478.0,331.0,213.0,364.0,282.0,251.0,229.0,215.0,214.0,213.0,212.0,mip_gurobi_incumbent:398@0.021s|mip_gurobi_incumbent:372@0.539s|mip_gurobi_incumbent:364@0.541s|mip_gurobi_incumbent:282@0.832s|mip_gurobi_incumbent:251@0.834s|mip_gurobi_incumbent:229@0.836s|mip_gurobi_incumbent:215@0.838s|mip_gurobi_incumbent:214@0.840s|mip_gurobi_incumbent:213@0.872s|mip_gurobi_incumbent:212@1.039s|randomized_rounding:478@0.023s|local_improvement:331@0.027s|polish:213@0.999s,0.0213925838470459,0.5386171340942383,0.012100934982299805,0.022709034965373576,0.026608434971421957,0.9994809306226671,0.5414774417877197,0.8318734169006348,0.8337461948394775,0.8355422019958496,0.8376760482788086,0.8397374153137207,0.8724567890167236,1.0391874313354492,both,rail582,RAIL582,1,0.4716981132075472,213.0,2.9791898999828845,0.0038994000060483813,1,55515,212.0,1.2698638439178467,582,213.0,0.9728724956512451,427.046002956652,0.012100934982299805,0.0,478.0,0.010608099983073771,4250,29
mip_gurobi_incumbent,mip_gurobi_incumbent,relaxation,randomized_rounding,local_improvement,polish,mip_gurobi_incumbent,mip_gurobi_incumbent,mip_gurobi_incumbent,mip_gurobi_incumbent,mip_gurobi_incumbent,mip_gurobi_incumbent,mip_gurobi_incumbent,mip_gurobi_incumbent,398.0,372.0,nan,521.0,333.0,213.0,364.0,282.0,251.0,229.0,215.0,214.0,213.0,212.0,mip_gurobi_incumbent:398@0.020s|mip_gurobi_incumbent:372@0.536s|mip_gurobi_incumbent:364@0.539s|mip_gurobi_incumbent:282@0.824s|mip_gurobi_incumbent:251@0.825s|mip_gurobi_incumbent:229@0.826s|mip_gurobi_incumbent:215@0.828s|mip_gurobi_incumbent:214@0.830s|mip_gurobi_incumbent:213@0.859s|mip_gurobi_incumbent:212@1.018s|randomized_rounding:521@0.023s|local_improvement:333@0.027s|polish:213@0.975s,0.020269393920898438,0.5359256267547607,0.012367725372314453,0.023380525410175323,0.0267336253891699,0.9752521400223486,0.53853440284729,0.8235845565795898,0.8250582218170166,0.8264260292053223,0.8282144069671631,0.8300631046295166,0.8593237400054932,1.0183396339416504,both,rail582,RAIL582,1,0.4716981132075472,213.0,2.9451886999886483,0.003353099978994578,1,55515,212.0,1.222165822982788,582,213.0,0.9485185146331787,427.046002956652,0.012367725372314453,0.0,521.0,0.01101280003786087,4251,30
mip_gurobi_incumbent,mip_gurobi_incumbent,relaxation,randomized_rounding,local_improvement,polish,mip_gurobi_incumbent,mip_gurobi_incumbent,mip_gurobi_incumbent,mip_gurobi_incumbent,mip_gurobi_incumbent,mip_gurobi_incumbent,mip_gurobi_incumbent,mip_gurobi_incumbent,398.0,372.0,nan,487.0,340.0,213.0,364.0,282.0,251.0,229.0,215.0,214.0,213.0,212.0,mip_gurobi_incumbent:398@0.018s|mip_gurobi_incumbent:372@0.479s|mip_gurobi_incumbent:364@0.482s|mip_gurobi_incumbent:282@0.758s|mip_gurobi_incumbent:251@0.759s|mip_gurobi_incumbent:229@0.761s|mip_gurobi_incumbent:215@0.762s|mip_gurobi_incumbent:214@0.764s|mip_gurobi_incumbent:213@0.795s|mip_gurobi_incumbent:212@0.957s|randomized_rounding:487@0.021s|local_improvement:340@0.024s|polish:213@1.025s,0.018257617950439453,0.4792141914367676,0.011693239212036133,0.021335339173674583,0.02447523921728134,1.024817369878292,0.4819624423980713,0.7580978870391846,0.7593898773193359,0.7606110572814941,0.7623193264007568,0.7640171051025391,0.7945911884307861,0.9569580554962158,both,rail582,RAIL582,1,0.4716981132075472,213.0,2.877878099970985,0.003139900043606758,1,55515,212.0,1.1551220417022705,582,213.0,1.0003421306610107,427.046002956652,0.011693239212036133,0.0,487.0,0.00964209996163845,4252,31
mip_gurobi_incumbent,mip_gurobi_incumbent,relaxation,main_rounding,local_improvement,polish,mip_gurobi_incumbent,mip_gurobi_incumbent,mip_gurobi_incumbent,mip_gurobi_incumbent,mip_gurobi_incumbent,mip_gurobi_incumbent,mip_gurobi_incumbent,mip_gurobi_incumbent,398.0,372.0,nan,363.0,332.0,213.0,364.0,282.0,251.0,229.0,215.0,214.0,213.0,212.0,mip_gurobi_incumbent:398@0.019s|mip_gurobi_incumbent:372@0.525s|mip_gurobi_incumbent:364@0.527s|mip_gurobi_incumbent:282@0.811s|mip_gurobi_incumbent:251@0.812s|mip_gurobi_incumbent:229@0.813s|mip_gurobi_incumbent:215@0.815s|mip_gurobi_incumbent:214@0.817s|mip_gurobi_incumbent:213@0.846s|mip_gurobi_incumbent:212@1.002s|main_rounding:363@37.202s|local_improvement:332@37.204s|polish:213@38.146s,0.018815040588378906,0.5246386528015137,0.011892557144165039,37.20155505713774,37.20369555713842,38.14570810558507,0.5272986888885498,0.8110666275024414,0.8123006820678711,0.81345534324646,0.8150663375854492,0.8167543411254883,0.845571756362915,1.0023486614227295,both,rail582,RAIL582,1,0.4716981132075472,213.0,40.04658449999988,0.002140500000678003,1,55515,212.0,1.2057108879089355,582,213.0,0.9420125484466553,427.046002956652,0.011892557144165039,37.17912670003716,363.0,0.010535799956414849,4253,32
mip_gurobi_incumbent,mip_gurobi_incumbent,relaxation,main_rounding,local_improvement,polish,mip_gurobi_incumbent,mip_gurobi_incumbent,mip_gurobi_incumbent,mip_gurobi_incumbent,mip_gurobi_incumbent,mip_gurobi_incumbent,mip_gurobi_incumbent,mip_gurobi_incumbent,398.0,372.0,nan,363.0,332.0,213.0,364.0,282.0,251.0,229.0,215.0,214.0,213.0,212.0,mip_gurobi_incumbent:398@0.020s|mip_gurobi_incumbent:372@0.510s|mip_gurobi_incumbent:364@0.513s|mip_gurobi_incumbent:282@0.789s|mip_gurobi_incumbent:251@0.791s|mip_gurobi_incumbent:229@0.792s|mip_gurobi_incumbent:215@0.793s|mip_gurobi_incumbent:214@0.795s|mip_gurobi_incumbent:213@0.824s|mip_gurobi_incumbent:212@0.984s|main_rounding:363@36.117s|local_improvement:332@36.120s|polish:213@37.119s,0.019647836685180664,0.5104811191558838,0.012195587158203125,36.1170309871668,36.1195390871726,37.119255607482046,0.5134203433990479,0.7893307209014893,0.7905282974243164,0.7917590141296387,0.7933633327484131,0.7949912548065186,0.8237345218658447,0.983539342880249,both,rail582,RAIL582,1,0.4716981132075472,213.0,38.9961490999558,0.002508100005798042,1,55515,212.0,1.1908059120178223,582,213.0,0.9997165203094482,427.046002956652,0.012195587158203125,36.094142200017814,363.0,0.010693199990782887,4254,33
mip_gurobi_incumbent,mip_gurobi_incumbent,relaxation,randomized_rounding,local_improvement,polish,mip_gurobi_incumbent,mip_gurobi_incumbent,mip_gurobi_incumbent,mip_gurobi_incumbent,mip_gurobi_incumbent,mip_gurobi_incumbent,mip_gurobi_incumbent,mip_gurobi_incumbent,398.0,372.0,nan,553.0,330.0,213.0,364.0,282.0,251.0,229.0,215.0,214.0,213.0,212.0,mip_gurobi_incumbent:398@0.021s|mip_gurobi_incumbent:372@0.519s|mip_gurobi_incumbent:364@0.521s|mip_gurobi_incumbent:282@0.792s|mip_gurobi_incumbent:251@0.794s|mip_gurobi_incumbent:229@0.795s|mip_gurobi_incumbent:215@0.797s|mip_gurobi_incumbent:214@0.799s|mip_gurobi_incumbent:213@0.827s|mip_gurobi_incumbent:212@0.982s|randomized_rounding:553@0.024s|local_improvement:330@0.028s|polish:213@1.041s,0.021122217178344727,0.5186865329742432,0.013500690460205078,0.023987890454009175,0.02767639048397541,1.0408621300011873,0.521371603012085,0.7924323081970215,0.793743371963501,0.7950587272644043,0.7966790199279785,0.7989158630371094,0.8269879817962646,0.981630802154541,both,rail582,RAIL582,1,0.4716981132075472,213.0,2.973612100002356,0.003688500029966235,1,55515,212.0,1.1891298294067383,582,213.0,1.013185739517212,427.046002956652,0.013500690460205078,0.0,553.0,0.010487199993804097,4255,34
mip_gurobi_incumbent,mip_gurobi_incumbent,relaxation,randomized_rounding,local_improvement,polish,mip_gurobi_incumbent,mip_gurobi_incumbent,mip_gurobi_incumbent,mip_gurobi_incumbent,mip_gurobi_incumbent,mip_gurobi_incumbent,mip_gurobi_incumbent,mip_gurobi_incumbent,398.0,372.0,nan,515.0,338.0,213.0,364.0,282.0,251.0,229.0,215.0,214.0,213.0,212.0,mip_gurobi_incumbent:398@0.021s|mip_gurobi_incumbent:372@0.514s|mip_gurobi_incumbent:364@0.517s|mip_gurobi_incumbent:282@0.785s|mip_gurobi_incumbent:251@0.786s|mip_gurobi_incumbent:229@0.787s|mip_gurobi_incumbent:215@0.789s|mip_gurobi_incumbent:214@0.790s|mip_gurobi_incumbent:213@0.818s|mip_gurobi_incumbent:212@0.969s|randomized_rounding:515@0.024s|local_improvement:338@0.029s|polish:213@1.043s,0.021439313888549805,0.5140388011932373,0.012227058410644531,0.024048258434049785,0.029035758459940553,1.0429944510105997,0.5167326927185059,0.7849688529968262,0.7861723899841309,0.7873237133026123,0.788860559463501,0.790461540222168,0.8179421424865723,0.968881368637085,both,rail582,RAIL582,1,0.4716981132075472,213.0,2.938393599994015,0.004987500025890768,1,55515,212.0,1.1963915824890137,582,213.0,1.0139586925506592,427.046002956652,0.012227058410644531,0.0,515.0,0.011821200023405254,4256,35
mip_gurobi_incumbent,mip_gurobi_incumbent,relaxation,randomized_rounding,local_improvement,polish,mip_gurobi_incumbent,mip_gurobi_incumbent,mip_gurobi_incumbent,mip_gurobi_incumbent,mip_gurobi_incumbent,mip_gurobi_incumbent,mip_gurobi_incumbent,mip_gurobi_incumbent,398.0,372.0,nan,516.0,334.0,213.0,364.0,282.0,251.0,229.0,215.0,214.0,213.0,212.0,mip_gurobi_incumbent:398@0.020s|mip_gurobi_incumbent:372@0.500s|mip_gurobi_incumbent:364@0.503s|mip_gurobi_incumbent:282@0.807s|mip_gurobi_incumbent:251@0.808s|mip_gurobi_incumbent:229@0.810s|mip_gurobi_incumbent:215@0.811s|mip_gurobi_incumbent:214@0.813s|mip_gurobi_incumbent:213@0.845s|mip_gurobi_incumbent:212@1.014s|randomized_rounding:516@0.027s|local_improvement:334@0.031s|polish:213@1.039s,0.020223617553710938,0.49980950355529785,0.01329660415649414,0.0270149041316472,0.030726804106961936,1.03894580778433,0.5027897357940674,0.8070766925811768,0.8084075450897217,0.8096699714660645,0.8114244937896729,0.8132040500640869,0.8450846672058105,1.014327049255371,both,rail582,RAIL582,1,0.4716981132075472,213.0,2.9908229999709874,0.0037118999753147364,1,55515,212.0,1.2240900993347168,582,213.0,1.0082190036773682,427.046002956652,0.01329660415649414,0.0,516.0,0.013718299975153059,4257,36
mip_gurobi_incumbent,mip_gurobi_incumbent,relaxation,main_rounding,local_improvement,polish,mip_gurobi_incumbent,mip_gurobi_incumbent,mip_gurobi_incumbent,mip_gurobi_incumbent,mip_gurobi_incumbent,mip_gurobi_incumbent,mip_gurobi_incumbent,mip_gurobi_incumbent,398.0,372.0,nan,363.0,332.0,213.0,364.0,282.0,251.0,229.0,215.0,214.0,213.0,212.0,mip_gurobi_incumbent:398@0.023s|mip_gurobi_incumbent:372@0.533s|mip_gurobi_incumbent:364@0.536s|mip_gurobi_incumbent:282@0.833s|mip_gurobi_incumbent:251@0.834s|mip_gurobi_incumbent:229@0.835s|mip_gurobi_incumbent:215@0.837s|mip_gurobi_incumbent:214@0.839s|mip_gurobi_incumbent:213@0.870s|mip_gurobi_incumbent:212@1.038s|main_rounding:363@36.914s|local_improvement:332@36.921s|polish:213@37.935s,0.022901535034179688,0.5329604148864746,0.013444185256958008,36.91445288527757,36.92092608526582,37.93464325979585,0.5356829166412354,0.832528829574585,0.8338549137115479,0.835172176361084,0.8368856906890869,0.8386623859405518,0.8704664707183838,1.0378727912902832,both,rail582,RAIL582,1,0.4716981132075472,213.0,39.9352870999719,0.006473199988249689,1,55515,212.0,1.2627434730529785,582,213.0,1.0137171745300293,427.046002956652,0.013444185256958008,36.88814739999361,363.0,0.012861300026997924,4258,37
mip_gurobi_incumbent,mip_gurobi_incumbent,relaxation,randomized_rounding,local_improvement,polish,mip_gurobi_incumbent,mip_gurobi_incumbent,mip_gurobi_incumbent,mip_gurobi_incumbent,mip_gurobi_incumbent,mip_gurobi_incumbent,mip_gurobi_incumbent,mip_gurobi_incumbent,398.0,372.0,nan,507.0,334.0,213.0,364.0,282.0,251.0,229.0,215.0,214.0,213.0,212.0,mip_gurobi_incumbent:398@0.023s|mip_gurobi_incumbent:372@0.550s|mip_gurobi_incumbent:364@0.553s|mip_gurobi_incumbent:282@0.838s|mip_gurobi_incumbent:251@0.839s|mip_gurobi_incumbent:229@0.840s|mip_gurobi_incumbent:215@0.842s|mip_gurobi_incumbent:214@0.844s|mip_gurobi_incumbent:213@0.874s|mip_gurobi_incumbent:212@1.035s|randomized_rounding:507@0.020s|local_improvement:334@0.029s|polish:213@1.074s,0.023214340209960938,0.550184965133667,0.012009143829345703,0.02034644380910322,0.02921374380821362,1.0738192373537458,0.5529232025146484,0.8379182815551758,0.839186429977417,0.8404018878936768,0.8420770168304443,0.8438162803649902,0.8738195896148682,1.035149097442627,both,rail582,RAIL582,1,0.4716981132075472,213.0,3.083238599996548,0.0088672999991104,1,55515,212.0,1.2529234886169434,582,213.0,1.0446054935455322,427.046002956652,0.012009143829345703,0.0,507.0,0.008337299979757518,4259,38
mip_gurobi_incumbent,mip_gurobi_incumbent,relaxation,randomized_rounding,local_improvement,polish,mip_gurobi_incumbent,mip_gurobi_incumbent,mip_gurobi_incumbent,mip_gurobi_incumbent,mip_gurobi_incumbent,mip_gurobi_incumbent,mip_gurobi_incumbent,mip_gurobi_incumbent,398.0,372.0,nan,547.0,335.0,213.0,364.0,282.0,251.0,229.0,215.0,214.0,213.0,212.0,mip_gurobi_incumbent:398@0.019s|mip_gurobi_incumbent:372@0.500s|mip_gurobi_incumbent:364@0.503s|mip_gurobi_incumbent:282@0.776s|mip_gurobi_incumbent:251@0.778s|mip_gurobi_incumbent:229@0.779s|mip_gurobi_incumbent:215@0.780s|mip_gurobi_incumbent:214@0.782s|mip_gurobi_incumbent:213@0.811s|mip_gurobi_incumbent:212@0.965s|randomized_rounding:547@0.021s|local_improvement:335@0.025s|polish:213@0.990s,0.019048452377319336,0.49983882904052734,0.012198686599731445,0.020705786591861397,0.024688486591912806,0.9900267167249694,0.502633810043335,0.7761907577514648,0.7775170803070068,0.778815746307373,0.7804908752441406,0.7821993827819824,0.8113653659820557,0.9648511409759521,both,rail582,RAIL582,1,0.4716981132075472,213.0,2.8626252000103705,0.003982700000051409,1,55515,212.0,1.1731936931610107,582,213.0,0.9653382301330566,427.046002956652,0.012198686599731445,0.0,547.0,0.008507099992129952,4260,39
mip_gurobi_incumbent,mip_gurobi_incumbent,relaxation,randomized_rounding,local_improvement,polish,mip_gurobi_incumbent,mip_gurobi_incumbent,mip_gurobi_incumbent,mip_gurobi_incumbent,mip_gurobi_incumbent,mip_gurobi_incumbent,mip_gurobi_incumbent,mip_gurobi_incumbent,398.0,372.0,nan,508.0,339.0,213.0,364.0,282.0,251.0,229.0,215.0,214.0,213.0,212.0,mip_gurobi_incumbent:398@0.020s|mip_gurobi_incumbent:372@0.483s|mip_gurobi_incumbent:364@0.485s|mip_gurobi_incumbent:282@0.779s|mip_gurobi_incumbent:251@0.780s|mip_gurobi_incumbent:229@0.782s|mip_gurobi_incumbent:215@0.783s|mip_gurobi_incumbent:214@0.785s|mip_gurobi_incumbent:213@0.816s|mip_gurobi_incumbent:212@0.975s|randomized_rounding:508@0.023s|local_improvement:339@0.027s|polish:213@0.974s,0.019800424575805664,0.4825625419616699,0.012333393096923828,0.02335469314130023,0.026568093104287982,0.9740645072888583,0.48515915870666504,0.7789802551269531,0.7802908420562744,0.7815704345703125,0.7832279205322266,0.7849204540252686,0.8156592845916748,0.9754161834716797,both,rail582,RAIL582,1,0.4716981132075472,213.0,2.8415460999822244,0.0032133999629877508,1,55515,212.0,1.1801643371582031,582,213.0,0.9474964141845703,427.046002956652,0.012333393096923828,0.0,508.0,0.011021300044376403,4261,40
mip_gurobi_incumbent,mip_gurobi_incumbent,relaxation,randomized_rounding,local_improvement,polish,mip_gurobi_incumbent,mip_gurobi_incumbent,mip_gurobi_incumbent,mip_gurobi_incumbent,mip_gurobi_incumbent,mip_gurobi_incumbent,mip_gurobi_incumbent,mip_gurobi_incumbent,398.0,372.0,nan,509.0,345.0,213.0,364.0,282.0,251.0,229.0,215.0,214.0,213.0,212.0,mip_gurobi_incumbent:398@0.018s|mip_gurobi_incumbent:372@0.461s|mip_gurobi_incumbent:364@0.464s|mip_gurobi_incumbent:282@0.729s|mip_gurobi_incumbent:251@0.731s|mip_gurobi_incumbent:229@0.732s|mip_gurobi_incumbent:215@0.733s|mip_gurobi_incumbent:214@0.735s|mip_gurobi_incumbent:213@0.764s|mip_gurobi_incumbent:212@0.915s|randomized_rounding:509@0.019s|local_improvement:345@0.024s|polish:213@1.002s,0.01810145378112793,0.46114516258239746,0.012350797653198242,0.019130497646983713,0.023675597622059286,1.0016991266747937,0.4635944366455078,0.7294561862945557,0.7306623458862305,0.7318065166473389,0.7334041595458984,0.735184907913208,0.7638695240020752,0.9153141975402832,both,rail582,RAIL582,1,0.4716981132075472,213.0,2.800738600024488,0.004545099975075573,1,55515,212.0,1.108485221862793,582,213.0,0.9780235290527344,427.046002956652,0.012350797653198242,0.0,509.0,0.006779699993785471,4262,41
mip_gurobi_incumbent,mip_gurobi_incumbent,relaxation,randomized_rounding,local_improvement,polish,mip_gurobi_incumbent,mip_gurobi_incumbent,mip_gurobi_incumbent,mip_gurobi_incumbent,mip_gurobi_incumbent,mip_gurobi_incumbent,mip_gurobi_incumbent,mip_gurobi_incumbent,398.0,372.0,nan,548.0,344.0,214.0,364.0,282.0,251.0,229.0,215.0,214.0,213.0,212.0,mip_gurobi_incumbent:398@0.018s|mip_gurobi_incumbent:372@0.503s|mip_gurobi_incumbent:364@0.505s|mip_gurobi_incumbent:282@0.779s|mip_gurobi_incumbent:251@0.780s|mip_gurobi_incumbent:229@0.781s|mip_gurobi_incumbent:215@0.783s|mip_gurobi_incumbent:214@0.784s|mip_gurobi_incumbent:213@0.814s|mip_gurobi_incumbent:212@0.965s|randomized_rounding:548@0.019s|local_improvement:344@0.022s|polish:214@1.001s,0.018276214599609375,0.5025572776794434,0.012230396270751953,0.018644096271600574,0.021798796311486512,1.0006598898326047,0.5053222179412842,0.7785665988922119,0.779803991317749,0.7809693813323975,0.782573938369751,0.7841629981994629,0.8136200904846191,0.9645602703094482,both,rail582,RAIL582,1,0.9433962264150944,214.0,2.883356000005733,0.003154700039885938,1,55515,212.0,1.1604881286621094,582,214.0,0.9788610935211182,427.046002956652,0.012230396270751953,0.0,548.0,0.006413700000848621,4263,42
mip_gurobi_incumbent,mip_gurobi_incumbent,relaxation,randomized_rounding,local_improvement,polish,mip_gurobi_incumbent,mip_gurobi_incumbent,mip_gurobi_incumbent,mip_gurobi_incumbent,mip_gurobi_incumbent,mip_gurobi_incumbent,mip_gurobi_incumbent,mip_gurobi_incumbent,398.0,372.0,nan,521.0,347.0,213.0,364.0,282.0,251.0,229.0,215.0,214.0,213.0,212.0,mip_gurobi_incumbent:398@0.021s|mip_gurobi_incumbent:372@0.483s|mip_gurobi_incumbent:364@0.486s|mip_gurobi_incumbent:282@0.753s|mip_gurobi_incumbent:251@0.754s|mip_gurobi_incumbent:229@0.755s|mip_gurobi_incumbent:215@0.757s|mip_gurobi_incumbent:214@0.758s|mip_gurobi_incumbent:213@0.787s|mip_gurobi_incumbent:212@0.941s|randomized_rounding:521@0.020s|local_improvement:347@0.023s|polish:213@0.975s,0.02071690559387207,0.4832146167755127,0.01170492172241211,0.02002282172907144,0.022927321726456285,0.9752612488809973,0.48575472831726074,0.7527079582214355,0.7539248466491699,0.7550578117370605,0.7566747665405273,0.7582716941833496,0.786665678024292,0.9408133029937744,both,rail582,RAIL582,1,0.4716981132075472,213.0,2.7983607000205666,0.002904499997384846,1,55515,212.0,1.1434404850006104,582,213.0,0.952333927154541,427.046002956652,0.01170492172241211,0.0,521.0,0.008317900006659329,4264,43
mip_gurobi_incumbent,mip_gurobi_incumbent,relaxation,randomized_rounding,local_improvement,polish,mip_gurobi_incumbent,mip_gurobi_incumbent,mip_gurobi_incumbent,mip_gurobi_incumbent,mip_gurobi_incumbent,mip_gurobi_incumbent,mip_gurobi_incumbent,mip_gurobi_incumbent,398.0,372.0,nan,482.0,336.0,213.0,364.0,282.0,251.0,229.0,215.0,214.0,213.0,212.0,mip_gurobi_incumbent:398@0.019s|mip_gurobi_incumbent:372@0.476s|mip_gurobi_incumbent:364@0.479s|mip_gurobi_incumbent:282@0.744s|mip_gurobi_incumbent:251@0.746s|mip_gurobi_incumbent:229@0.747s|mip_gurobi_incumbent:215@0.748s|mip_gurobi_incumbent:214@0.750s|mip_gurobi_incumbent:213@0.779s|mip_gurobi_incumbent:212@0.931s|randomized_rounding:482@0.025s|local_improvement:336@0.028s|polish:213@1.030s,0.018759727478027344,0.4762990474700928,0.01155710220336914,0.024649502185638994,0.027544602227862924,1.0296069229370914,0.4788360595703125,0.744204044342041,0.7455158233642578,0.7467427253723145,0.7483944892883301,0.750051736831665,0.7787518501281738,0.9310023784637451,both,rail582,RAIL582,1,0.4716981132075472,213.0,2.8508663999964483,0.0028951000422239304,1,55515,212.0,1.1337032318115234,582,213.0,1.0020623207092285,427.046002956652,0.01155710220336914,0.0,482.0,0.013092399982269853,4265,44
mip_gurobi_incumbent,mip_gurobi_incumbent,relaxation,main_rounding,local_improvement,polish,mip_gurobi_incumbent,mip_gurobi_incumbent,mip_gurobi_incumbent,mip_gurobi_incumbent,mip_gurobi_incumbent,mip_gurobi_incumbent,mip_gurobi_incumbent,mip_gurobi_incumbent,398.0,372.0,nan,363.0,332.0,213.0,364.0,282.0,251.0,229.0,215.0,214.0,213.0,212.0,mip_gurobi_incumbent:398@0.020s|mip_gurobi_incumbent:372@0.514s|mip_gurobi_incumbent:364@0.517s|mip_gurobi_incumbent:282@0.807s|mip_gurobi_incumbent:251@0.809s|mip_gurobi_incumbent:229@0.810s|mip_gurobi_incumbent:215@0.811s|mip_gurobi_incumbent:214@0.813s|mip_gurobi_incumbent:213@0.842s|mip_gurobi_incumbent:212@0.999s|main_rounding:363@36.926s|local_improvement:332@36.932s|polish:213@37.919s,0.020322084426879883,0.5142786502838135,0.011675834655761719,36.92625293467427,36.93201873463113,37.91934607189614,0.5171849727630615,0.807314395904541,0.8085880279541016,0.8098137378692627,0.8114960193634033,0.8131937980651855,0.8424813747406006,0.9988882541656494,both,rail582,RAIL582,1,0.4716981132075472,213.0,39.831958100025076,0.005765799956861883,1,55515,212.0,1.218691349029541,582,213.0,0.9873273372650146,427.046002956652,0.011675834655761719,36.902444200008176,363.0,0.01213290001032874,4266,45
mip_gurobi_incumbent,mip_gurobi_incumbent,relaxation,randomized_rounding,local_improvement,polish,mip_gurobi_incumbent,mip_gurobi_incumbent,mip_gurobi_incumbent,mip_gurobi_incumbent,mip_gurobi_incumbent,mip_gurobi_incumbent,mip_gurobi_incumbent,mip_gurobi_incumbent,398.0,372.0,nan,514.0,324.0,213.0,364.0,282.0,251.0,229.0,215.0,214.0,213.0,212.0,mip_gurobi_incumbent:398@0.020s|mip_gurobi_incumbent:372@0.502s|mip_gurobi_incumbent:364@0.505s|mip_gurobi_incumbent:282@0.782s|mip_gurobi_incumbent:251@0.784s|mip_gurobi_incumbent:229@0.785s|mip_gurobi_incumbent:215@0.787s|mip_gurobi_incumbent:214@0.789s|mip_gurobi_incumbent:213@0.817s|mip_gurobi_incumbent:212@0.976s|randomized_rounding:514@0.019s|local_improvement:324@0.022s|polish:213@1.031s,0.020445823669433594,0.50244140625,0.011803865432739258,0.01856526540359482,0.02180106536252424,1.0306399573455565,0.5049710273742676,0.7824654579162598,0.7839415073394775,0.7851529121398926,0.7868232727050781,0.7885921001434326,0.8173680305480957,0.9757349491119385,both,rail582,RAIL582,1,0.4716981132075472,213.0,2.96419510000851,0.0032357999589294195,1,55515,212.0,1.1811485290527344,582,213.0,1.0088388919830322,427.046002956652,0.011803865432739258,0.0,514.0,0.006761399970855564,4267,46
mip_gurobi_incumbent,mip_gurobi_incumbent,relaxation,randomized_rounding,local_improvement,polish,mip_gurobi_incumbent,mip_gurobi_incumbent,mip_gurobi_incumbent,mip_gurobi_incumbent,mip_gurobi_incumbent,mip_gurobi_incumbent,mip_gurobi_incumbent,mip_gurobi_incumbent,398.0,372.0,nan,518.0,342.0,233.0,364.0,282.0,251.0,229.0,215.0,214.0,213.0,212.0,mip_gurobi_incumbent:398@0.019s|mip_gurobi_incumbent:372@0.517s|mip_gurobi_incumbent:364@0.521s|mip_gurobi_incumbent:282@0.942s|mip_gurobi_incumbent:251@0.944s|mip_gurobi_incumbent:229@0.945s|mip_gurobi_incumbent:215@0.948s|mip_gurobi_incumbent:214@0.950s|mip_gurobi_incumbent:213@1.005s|mip_gurobi_incumbent:212@1.262s|randomized_rounding:518@0.032s|local_improvement:342@0.045s|polish:233@0.895s,0.019015073776245117,0.5171058177947998,0.01639533042907715,0.032400130410678685,0.04486253036884591,0.8954241491737776,0.521129846572876,0.9415633678436279,0.943523645401001,0.9453151226043701,0.9477620124816895,0.9503262042999268,1.0049128532409668,1.2624397277832031,both,rail582,RAIL582,1,9.90566037735849,233.0,3.2368549000239,0.012462399958167225,1,55515,212.0,1.4769551753997803,582,233.0,0.8505616188049316,427.046002956652,0.01639533042907715,0.0,518.0,0.016004799981601536,4268,47
mip_gurobi_incumbent,mip_gurobi_incumbent,relaxation,randomized_rounding,local_improvement,polish,mip_gurobi_incumbent,mip_gurobi_incumbent,mip_gurobi_incumbent,mip_gurobi_incumbent,mip_gurobi_incumbent,mip_gurobi_incumbent,mip_gurobi_incumbent,mip_gurobi_incumbent,398.0,372.0,nan,511.0,340.0,213.0,364.0,282.0,251.0,229.0,215.0,214.0,213.0,212.0,mip_gurobi_incumbent:398@0.019s|mip_gurobi_incumbent:372@0.476s|mip_gurobi_incumbent:364@0.478s|mip_gurobi_incumbent:282@0.742s|mip_gurobi_incumbent:251@0.743s|mip_gurobi_incumbent:229@0.744s|mip_gurobi_incumbent:215@0.746s|mip_gurobi_incumbent:214@0.747s|mip_gurobi_incumbent:213@0.776s|mip_gurobi_incumbent:212@0.925s|randomized_rounding:511@0.022s|local_improvement:340@0.026s|polish:213@1.032s,0.019379615783691406,0.47562694549560547,0.011958837509155273,0.02188593748724088,0.026288637483958155,1.0323921531089582,0.4779942035675049,0.7420010566711426,0.7431776523590088,0.7442994117736816,0.7458441257476807,0.7474391460418701,0.7755019664764404,0.9253275394439697,both,rail582,RAIL582,1,0.4716981132075472,213.0,2.8681903000106104,0.004402699996717274,1,55515,212.0,1.1345243453979492,582,213.0,1.006103515625,427.046002956652,0.011958837509155273,0.0,511.0,0.009927099978085607,4269,48
mip_gurobi_incumbent,mip_gurobi_incumbent,relaxation,randomized_rounding,local_improvement,polish,mip_gurobi_incumbent,mip_gurobi_incumbent,mip_gurobi_incumbent,mip_gurobi_incumbent,mip_gurobi_incumbent,mip_gurobi_incumbent,mip_gurobi_incumbent,mip_gurobi_incumbent,398.0,372.0,nan,527.0,334.0,213.0,364.0,282.0,251.0,229.0,215.0,214.0,213.0,212.0,mip_gurobi_incumbent:398@0.020s|mip_gurobi_incumbent:372@0.508s|mip_gurobi_incumbent:364@0.511s|mip_gurobi_incumbent:282@0.785s|mip_gurobi_incumbent:251@0.786s|mip_gurobi_incumbent:229@0.787s|mip_gurobi_incumbent:215@0.789s|mip_gurobi_incumbent:214@0.791s|mip_gurobi_incumbent:213@0.820s|mip_gurobi_incumbent:212@0.973s|randomized_rounding:527@0.020s|local_improvement:334@0.026s|polish:213@1.052s,0.01962447166442871,0.5082046985626221,0.012529611587524414,0.02026571158785373,0.025875311577692628,1.0518829638604075,0.5109879970550537,0.7849946022033691,0.786165714263916,0.7873167991638184,0.7889041900634766,0.7905669212341309,0.8195626735687256,0.9727017879486084,both,rail582,RAIL582,1,0.4716981132075472,213.0,2.9344142000190914,0.005609599989838898,1,55515,212.0,1.1878743171691895,582,213.0,1.0260076522827148,427.046002956652,0.012529611587524414,0.0,527.0,0.007736100000329316,4270,49
